新章号,原编号与标题,章名,汉字数,源文件
1,第01,雾,2077,正文\第一卷_蝉鸣\第01章_雾.md
2,第02,分组,2138,正文\第一卷_蝉鸣\第02章_分组.md
3,第03,枇杷,2075,正文\第一卷_蝉鸣\第03章_枇杷.md
4,第04,薄荷水,2255,正文\第一卷_蝉鸣\第04章_薄荷水.md
5,第05,吼,2100,正文\第一卷_蝉鸣\第05章_吼.md
6,第06,平行线,2189,正文\第一卷_蝉鸣\第06章_平行线.md
7,第07,汽水,2360,正文\第一卷_蝉鸣\第07章_汽水.md
8,第08,中考,2057,正文\第一卷_蝉鸣\第08章_中考.md
9,第09,河边,2231,正文\第一卷_蝉鸣\第09章_河边.md
10,第10,开学,2220,正文\第一卷_蝉鸣\第10章_开学.md
11,第11,雾起,2043,正文\第一卷_蝉鸣\第11章_雾起.md
12,第12,卷末,2230,正文\第一卷_蝉鸣\第12章_卷末.md
13,第13,雾散,2127,正文\第二卷_回潮\第13章_雾散.md
14,第14,机房,2031,正文\第二卷_回潮\第14章_机房.md
15,第15,绕路,2317,正文\第二卷_回潮\第15章_绕路.md
16,第16,路口二,2239,正文\第二卷_回潮\第16章_路口二.md
17,第17,雨伞,2011,正文\第二卷_回潮\第17章_雨伞.md
18,第18,食堂自习,2240,正文\第二卷_回潮\第18章_食堂自习.md
19,第19,楼梯口,2044,正文\第二卷_回潮\第19章_楼梯口.md
20,第20,夜聊,2169,正文\第二卷_回潮\第20章_夜聊.md
21,第21,重话,2069,正文\第二卷_回潮\第21章_重话.md
22,第22,声明,2092,正文\第二卷_回潮\第22章_声明.md
23,第23,连廊,2215,正文\第二卷_回潮\第23章_连廊.md
24,第24,葡萄,2015,正文\第二卷_回潮\第24章_葡萄.md
25,第25,铃铛,2156,正文\第二卷_回潮\第25章_铃铛.md
26,第26,问答,2432,正文\第二卷_回潮\第26章_问答.md
27,第27,拼音,2193,正文\第二卷_回潮\第27章_拼音.md
28,第28,车信,2161,正文\第二卷_回潮\第28章_车信.md
29,第29,在一起,2128,正文\第二卷_回潮\第29章_在一起.md
30,第30,旧故事,2295,正文\第二卷_回潮\第30章_旧故事.md
31,第31,县城一日,2197,正文\第二卷_回潮\第31章_县城一日.md
32,第32,有我没我,2485,正文\第二卷_回潮\第32章_有我没我.md
33,第33,中秋,2052,正文\第二卷_回潮\第33章_中秋.md
34,第34,接力,2070,正文\第二卷_回潮\第34章_接力.md
35,第35,传话,2023,正文\第二卷_回潮\第35章_传话.md
36,第36,冬至,2050,正文\第二卷_回潮\第36章_冬至.md
37,第37,分科,2324,正文\第二卷_回潮\第37章_分科.md
38,第38,寒假,2316,正文\第二卷_回潮\第38章_寒假.md
39,第39,年夜,2284,正文\第二卷_回潮\第39章_年夜.md
40,第40,召回,2071,正文\第二卷_回潮\第40章_召回.md
41,第41,距离,2053,正文\第二卷_回潮\第41章_距离.md
42,第42,卷末,2249,正文\第二卷_回潮\第42章_卷末.md
43,第43,深夜电话,2273,正文\第三卷_潮汐\第43章_深夜电话.md
44,第44,乌龙,2020,正文\第三卷_潮汐\第44章_乌龙.md
45,第45,长信一,2109,正文\第三卷_潮汐\第45章_长信一.md
46,第46,小池子,2290,正文\第三卷_潮汐\第46章_小池子.md
47,第47,冷静信,2352,正文\第三卷_潮汐\第47章_冷静信.md
48,第48,空窗,2297,正文\第三卷_潮汐\第48章_空窗.md
49,第49,调整信,2169,正文\第三卷_潮汐\第49章_调整信.md
50,第50,驿站,2324,正文\第三卷_潮汐\第50章_驿站.md
51,第51,不想见,2229,正文\第三卷_潮汐\第51章_不想见.md
52,第52,暑假自习,2244,正文\第三卷_潮汐\第52章_暑假自习.md
53,第53,十八颗,2302,正文\第三卷_潮汐\第53章_十八颗.md
54,第54,请假,2011,正文\第三卷_潮汐\第54章_请假.md
55,第55,绷带夜,2107,正文\第三卷_潮汐\第55章_绷带夜.md
56,第56,误会二,2092,正文\第三卷_潮汐\第56章_误会二.md
57,第57,和好,2259,正文\第三卷_潮汐\第57章_和好.md
58,第58,磁带,2089,正文\第三卷_潮汐\第58章_磁带.md
59,第59,成人礼前,2300,正文\第三卷_潮汐\第59章_成人礼前.md
60,第60,跨年,2140,正文\第三卷_潮汐\第60章_跨年.md
61,第61,河灯,2048,正文\第三卷_潮汐\第61章_河灯.md
62,第62,目标分歧,2192,正文\第三卷_潮汐\第62章_目标分歧.md
63,第63,崩,2213,正文\第三卷_潮汐\第63章_崩.md
64,第64,冷战,2306,正文\第三卷_潮汐\第64章_冷战.md
65,第65,长信二,2208,正文\第三卷_潮汐\第65章_长信二.md
66,第66,笑场,2059,正文\第三卷_潮汐\第66章_笑场.md
67,第66下,一整晚,2049,正文\第三卷_潮汐\第66章下_一整晚.md
68,第67,二十五颗,2152,正文\第三卷_潮汐\第67章_二十五颗.md
69,第68,迟到,2067,正文\第三卷_潮汐\第68章_迟到.md
70,第69,道歉,2082,正文\第三卷_潮汐\第69章_道歉.md
71,第70,和好如初,2122,正文\第三卷_潮汐\第70章_和好如初.md
72,第71,英语崩,2072,正文\第三卷_潮汐\第71章_英语崩.md
73,第72,卷末,2056,正文\第三卷_潮汐\第72章_卷末.md
74,第73,开学,2054,正文\第四卷_退潮\第73章_开学.md
75,第74,竞赛,2114,正文\第四卷_退潮\第74章_竞赛.md
76,第75,体检,2056,正文\第四卷_退潮\第75章_体检.md
77,第76,成人礼,2202,正文\第四卷_退潮\第76章_成人礼.md
78,第77,秋电话,2051,正文\第四卷_退潮\第77章_秋电话.md
79,第78,花边信,2058,正文\第四卷_退潮\第78章_花边信.md
80,第79,跨年锐评,2055,正文\第四卷_退潮\第79章_跨年锐评.md
81,第80,档案,2050,正文\第四卷_退潮\第80章_档案.md
82,第81,街糖,2051,正文\第四卷_退潮\第81章_街糖.md
83,第82,别找我,2157,正文\第四卷_退潮\第82章_别找我.md
84,第83,手写信,2310,正文\第四卷_退潮\第83章_手写信.md
85,第84,回南雾,2199,正文\第四卷_退潮\第84章_回南雾.md
86,第85,食堂,2183,正文\第四卷_退潮\第85章_食堂.md
87,第86,考场,2330,正文\第四卷_退潮\第86章_考场.md
88,第87,书签,2145,正文\第四卷_退潮\第87章_书签.md
89,第88,最后一面,2123,正文\第四卷_退潮\第88章_最后一面.md
90,第89,端午,2413,正文\第四卷_退潮\第89章_端午.md
91,第90,高考三天,2139,正文\第四卷_退潮\第90章_高考三天.md
92,第91,分手夜,2267,正文\第四卷_退潮\第91章_分手夜.md
93,第92,删,2131,正文\第四卷_退潮\第92章_删.md
94,第93,空,2051,正文\第四卷_退潮\第93章_空.md
95,第94,典礼,2338,正文\第四卷_退潮\第94章_典礼.md
96,第95,劝和,2332,正文\第四卷_退潮\第95章_劝和.md
97,第96,夏天,2366,正文\第四卷_退潮\第96章_夏天.md
98,第97,卷末,2310,正文\第四卷_退潮\第97章_卷末.md
99,第98,大学,2312,正文\第五卷_答案\第98章_大学.md
100,第99,老乡桌,2139,正文\第五卷_答案\第99章_老乡桌.md
101,第100,夜宵,2271,正文\第五卷_答案\第100章_夜宵.md
102,第101,倾诉,2201,正文\第五卷_答案\第101章_倾诉.md
103,第102,平安结纠结,2217,正文\第五卷_答案\第102章_平安结纠结.md
104,第103,被退,2242,正文\第五卷_答案\第103章_被退.md
105,第104,生日信,2166,正文\第五卷_答案\第104章_生日信.md
106,第105,未回,2115,正文\第五卷_答案\第105章_未回.md
107,第106,重听,2095,正文\第五卷_答案\第106章_重听.md
108,第107,修好,2148,正文\第五卷_答案\第107章_修好.md
109,第108,第三年,2254,正文\第五卷_答案\第108章_第三年.md
110,第109,动笔,2461,正文\第五卷_答案\第109章_动笔.md
111,第110,暂缓,2017,正文\第五卷_答案\第110章_暂缓.md
112,第111,阿婆,2337,正文\第五卷_答案\第111章_阿婆.md
113,第112,商量,2261,正文\第五卷_答案\第112章_商量.md
114,第113,交稿,2277,正文\第五卷_答案\第113章_交稿.md
115,第114,未见,2340,正文\第五卷_答案\第114章_未见.md
116,第115,回音,2000,正文\第五卷_答案\第115章_回音.md
117,第116,各自,2339,正文\第五卷_答案\第116章_各自.md
118,第117,后街拆,2049,正文\第五卷_答案\第117章_后街拆.md
119,第118,叶老师,2191,正文\第五卷_答案\第118章_叶老师.md
120,第119,答案,2339,正文\第五卷_答案\第119章_答案.md
121,第120,雾散,2276,正文\第五卷_答案\第120章_雾散.md
